{
  "_format": "hh-sol-cache-2",
  "files": {
    "C:\\Users\\Lenovo\\OneDrive - Conestoga College\\Desktop\\assign3\\my-dapp-backend\\contracts\\priceFeed.sol": {
      "lastModificationDate": 1702863286617,
      "contentHash": "b81be0ba73cd30cab4d2532c448f9054",
      "sourceName": "contracts/priceFeed.sol",
      "solcConfig": {
        "version": "0.8.22",
        "settings": {
          "evmVersion": "paris",
          "optimizer": {
            "enabled": false,
            "runs": 200
          },
          "outputSelection": {
            "*": {
              "*": [
                "abi",
                "evm.bytecode",
                "evm.deployedBytecode",
                "evm.methodIdentifiers",
                "metadata"
              ],
              "": [
                "ast"
              ]
            }
          }
        }
      },
      "imports": [
        "@openzeppelin/contracts/access/Ownable.sol",
        "@chainlink/contracts/src/v0.8/interfaces/AggregatorV3Interface.sol"
      ],
      "versionPragmas": [
        "^0.8.22"
      ],
      "artifacts": [
        "PriceFeed"
      ]
    },
    "C:\\Users\\Lenovo\\OneDrive - Conestoga College\\Desktop\\assign3\\my-dapp-backend\\node_modules\\@openzeppelin\\contracts\\access\\Ownable.sol": {
      "lastModificationDate": 1702863482161,
      "contentHash": "d3c790edc9ccf808a17c5a6cd13614fd",
      "sourceName": "@openzeppelin/contracts/access/Ownable.sol",
      "solcConfig": {
        "version": "0.8.22",
        "settings": {
          "evmVersion": "paris",
          "optimizer": {
            "enabled": false,
            "runs": 200
          },
          "outputSelection": {
            "*": {
              "*": [
                "abi",
                "evm.bytecode",
                "evm.deployedBytecode",
                "evm.methodIdentifiers",
                "metadata"
              ],
              "": [
                "ast"
              ]
            }
          }
        }
      },
      "imports": [
        "../utils/Context.sol"
      ],
      "versionPragmas": [
        "^0.8.20"
      ],
      "artifacts": [
        "Ownable"
      ]
    },
    "C:\\Users\\Lenovo\\OneDrive - Conestoga College\\Desktop\\assign3\\my-dapp-backend\\node_modules\\@chainlink\\contracts\\src\\v0.8\\interfaces\\AggregatorV3Interface.sol": {
      "lastModificationDate": 1702863485667,
      "contentHash": "29c520cd24ad9a3f2c9cf285fee25f05",
      "sourceName": "@chainlink/contracts/src/v0.8/interfaces/AggregatorV3Interface.sol",
      "solcConfig": {
        "version": "0.8.22",
        "settings": {
          "evmVersion": "paris",
          "optimizer": {
            "enabled": false,
            "runs": 200
          },
          "outputSelection": {
            "*": {
              "*": [
                "abi",
                "evm.bytecode",
                "evm.deployedBytecode",
                "evm.methodIdentifiers",
                "metadata"
              ],
              "": [
                "ast"
              ]
            }
          }
        }
      },
      "imports": [],
      "versionPragmas": [
        "^0.8.0"
      ],
      "artifacts": [
        "AggregatorV3Interface"
      ]
    },
    "C:\\Users\\Lenovo\\OneDrive - Conestoga College\\Desktop\\assign3\\my-dapp-backend\\node_modules\\@openzeppelin\\contracts\\utils\\Context.sol": {
      "lastModificationDate": 1702863478890,
      "contentHash": "67bfbc07588eb8683b3fd8f6f909563e",
      "sourceName": "@openzeppelin/contracts/utils/Context.sol",
      "solcConfig": {
        "version": "0.8.22",
        "settings": {
          "evmVersion": "paris",
          "optimizer": {
            "enabled": false,
            "runs": 200
          },
          "outputSelection": {
            "*": {
              "*": [
                "abi",
                "evm.bytecode",
                "evm.deployedBytecode",
                "evm.methodIdentifiers",
                "metadata"
              ],
              "": [
                "ast"
              ]
            }
          }
        }
      },
      "imports": [],
      "versionPragmas": [
        "^0.8.20"
      ],
      "artifacts": [
        "Context"
      ]
    }
  }
}
